Brand,1,2,3,4,5,6,
Achilles,SHUTTLE,,,,,,
Americus,Max Fink,,,,,,
Antares,SHUTTLE,,,,,,
Arctic Claw,NTW,,,,,,
Arroyo,SHUTTLE,,,,,,
Bfgoodrich,NTW,Tire Rack,,,,,
Blackhawk,SHUTTLE,,,,,,
Blacklion,SHUTTLE,,,,,,
Bridgestone,TireHub,Max Fink,Tire Rack,,,,
Carlisle,ATD,NTW,Max Fink,,,,
Continental,NTW,ATD,US Autoforce,Max Fink,,,
Cooper,NTW,ATD,US Autoforce,Max Fink,,,
Dunlop,TireHub,Max Fink,Tire Rack,,,,
Dynatrac,ATD,,,,,,
El dorado,NTW,,,,,,
Falken,ATD,NTW,Falken,,,,
Firestone,TireHub,Max Fink,Tire Rack,,,,
Fuzion,TireHub,Max Fink,Tire Rack,,,,
General,NTW,ATD,US Autoforce,Max Fink,,,
Goodyear,TireHub,US Autoforce,Max Fink,Tire Rack,,,
Gt Radial,SHUTTLE,ATD,Max Fink,US Autoforce,,,
Hankook,NTW,ATD,Max Fink,Tire Rack,,,
Hercules,ATD,NTW,,,,,
Hi Run,ATD,,,,,,
Ironman,ATD,,,,,,
JKT,Max Fink,,,,,,
Kelly,TireHub,Max Fink,Tire Rack,,,,
Kumho,ATD,NTW,Max Fink,US Autoforce,,,
Laufenn,ATD,,,,,,
Mastercraft,ATD,US Autoforce,Max Fink,,,,
Michelin,NTW,Tire Rack,,,,,
Mickey Thompson,ATD,NTW,Max Fink,,,,
Nexen,ATD,NTW,,,,,
Nitto,ATD,NTW,,,,,
Nokian,Nokian,,,,,,
Ohtsu,Max Fink,US Autoforce,,,,,
Pirelli,NTW,ATD,Max Fink,US Autoforce,Tire Rack,,
Prinx,NTW,Tirehub,,,,,
Sailun,NTW,,,,,,
Starfire,US Autoforce,Max Fink,,,,,
Sumitomo,NTW,,,,,,
Toyo,TireHub,ATD,NTW,US Autoforce,Max Fink,Tire Rack,
Uniroyal,ATD,NTW,US Autoforce,,,,
Vercelli,Max Fink,,,,,,
Vogue,NTW,Vogue,,,,,
Yokohama,NTW,ATD,Tire Rack,,,,
